{"cameraMode":{"drawMode":0,"name":"Shaded","section":"Shading Mode"},"sceneLighting":true,"audioPlay":false,"sceneViewState":{"showFog":true,"showMaterialUpdate":true,"showSkybox":true,"showFlares":true,"showImageEffects":true,"showParticleSystems":true},"in2DMode":false,"pivot":{"x":45.87361145019531,"y":-38.57316589355469,"z":327.60198974609377},"rotation":{"x":-0.08464730530977249,"y":-0.04958340898156166,"z":0.005489809438586235,"w":-0.9951686859130859},"size":215.69970703125,"orthographic":false}