{"cameraMode":{"drawMode":0,"name":"Shaded","section":"Shading Mode"},"sceneLighting":false,"audioPlay":false,"sceneViewState":{"showFog":true,"showMaterialUpdate":true,"showSkybox":false,"showFlares":true,"showImageEffects":true,"showParticleSystems":true},"in2DMode":false,"pivot":{"x":0.14072221517562867,"y":2.406095504760742,"z":-1.1108708381652833},"rotation":{"x":0.2367028295993805,"y":0.17434637248516084,"z":-0.043217796832323077,"w":0.9548388123512268},"size":1.1590170860290528,"orthographic":false}