{"cameraMode":{"drawMode":0,"name":"Shaded","section":"Shading Mode"},"sceneLighting":false,"audioPlay":false,"sceneViewState":{"showFog":true,"showMaterialUpdate":true,"showSkybox":false,"showFlares":true,"showImageEffects":true,"showParticleSystems":true},"in2DMode":false,"pivot":{"x":-0.6309376358985901,"y":1.4931516647338868,"z":-0.5998982191085815},"rotation":{"x":0.2702237069606781,"y":0.19049327075481416,"z":-0.05463888868689537,"w":0.9421840310096741},"size":1.4660253524780274,"orthographic":false}