{"cameraMode":{"drawMode":0,"name":"Shaded","section":"Shading Mode"},"sceneLighting":false,"audioPlay":false,"sceneViewState":{"showFog":true,"showMaterialUpdate":true,"showSkybox":false,"showFlares":true,"showImageEffects":true,"showParticleSystems":true},"in2DMode":false,"pivot":{"x":-0.07728993892669678,"y":1.0529158115386963,"z":0.06418633460998535},"rotation":{"x":0.19607417285442353,"y":0.15227317810058595,"z":-0.03083810955286026,"w":0.9682083129882813},"size":1.1660254001617432,"orthographic":false}